{"cameraMode":{"drawMode":0,"name":"Shaded","section":"Shading Mode"},"sceneLighting":false,"audioPlay":false,"sceneViewState":{"showFog":false,"showMaterialUpdate":false,"showSkybox":false,"showFlares":false,"showImageEffects":false,"showParticleSystems":false},"in2DMode":false,"pivot":{"x":7.437255859375,"y":1.25390625,"z":2.3492326736450197},"rotation":{"x":0.5357025265693665,"y":-0.4452275037765503,"z":0.5951293110847473,"w":0.40076977014541628},"size":35.789306640625,"orthographic":true}